Revision,Author,Date
1575,Pavithra.D,2025-02-27T08:36:10.062500Z
1574,Pavithra.D,2025-02-27T07:24:09.578125Z
1571,rajkumar,2025-02-25T12:46:11.554687Z
1563,Pavithra.D,2025-02-25T08:28:49.710937Z
1561,Pavithra.D,2025-02-20T08:37:34.718750Z
1560,Pavithra.D,2025-02-19T05:43:34.828125Z
1551,rajkumar,2025-02-13T06:56:55.281250Z
1550,rajkumar,2025-02-12T15:23:24.343750Z
1549,rajkumar,2025-02-12T15:07:44.968750Z
1547,Pavithra.D,2025-02-12T06:51:52.015625Z
1546,rajkumar,2025-02-11T15:48:35.484375Z
1544,rajkumar,2025-02-11T13:04:31.671875Z
1537,rajkumar,2025-02-10T16:40:46.953125Z
1532,Pavithra.D,2025-02-07T13:46:18.546875Z
1529,Balakumar,2025-02-06T12:10:41.406250Z
1528,Balakumar,2025-02-06T12:09:45.546875Z
1527,rajkumar,2025-02-06T11:30:23.421875Z
1526,rajkumar,2025-02-05T18:03:41.937500Z
1522,RajeshC,2025-02-03T10:52:23.671875Z
1521,RajeshC,2025-02-03T10:44:48.625000Z
1519,RajeshC,2025-02-03T10:26:33.265625Z
1518,RajeshC,2025-02-03T08:53:21.562500Z
1509,rajkumar,2025-02-01T09:43:40.578125Z
1508,rajkumar,2025-01-31T10:15:40.796875Z
1507,selvamuthu.r,2025-01-31T05:34:27.375000Z
1506,rajkumar,2025-01-29T11:35:38.875000Z
1501,Pavithra.D,2025-01-29T09:46:29.125000Z
1500,Balakumar,2025-01-29T09:35:31.296875Z
1499,Pavithra.D,2025-01-28T08:02:09.031250Z
1495,rajkumar,2025-01-24T15:04:47.609375Z
1492,selvamuthu.r,2025-01-23T10:41:45.968750Z
1490,petchiammal.b,2025-01-23T08:13:32.171875Z
1489,RajeshC,2025-01-23T06:43:11.312500Z
1486,RajeshC,2025-01-23T06:42:04.531250Z
1485,RajeshC,2025-01-23T06:41:13.437500Z
1482,RajeshC,2025-01-22T13:31:05.921875Z
1480,RajeshC,2025-01-22T12:55:53.625000Z
1478,RajeshC,2025-01-22T12:42:03.328125Z
1476,rajkumar,2025-01-22T11:00:09.093750Z
1475,rajkumar,2025-01-22T06:33:04.968750Z
1469,RajeshC,2025-01-21T09:35:12.703125Z
1466,RajeshC,2025-01-20T13:07:12.046875Z
1463,RajeshC,2025-01-20T11:01:24.203125Z
1446,RajeshC,2025-01-09T09:10:23.093750Z
1445,RajeshC,2025-01-09T09:05:05.922851Z
1444,RajeshC,2025-01-09T09:04:40.532226Z
1441,RajeshC,2025-01-08T13:12:25.640625Z
1440,RajeshC,2025-01-08T13:11:28.265625Z
1439,RajeshC,2025-01-08T13:09:48.125000Z
1438,RajeshC,2025-01-08T12:08:42.562500Z
1437,RajeshC,2025-01-08T11:48:19.718750Z
1436,RajeshC,2025-01-08T11:46:59.859375Z
1435,RajeshC,2025-01-08T11:01:36.906250Z
1434,RajeshC,2025-01-07T10:24:52.656250Z
1433,RajeshC,2025-01-07T09:59:08.937500Z
1432,Sabari.M,2025-01-06T07:10:58.265625Z
